{
    "Format": "1.19.0",
    "DynamicTokens": [

        // Standard Dynamic Tokens

        {
            "Name": "IndoorVariant", // Indoors
            "Value": "_Indoor",
            "When":
            {
                "IsOutdoors": "false"
            }
        },
        {
            "Name": "IndoorVariant", // Outdoors
            "Value": "_Outdoor",
            "When":
            {
                "IsOutdoors": "true"
            }
        },
        {
            "Name": "WinterIndoorVariant", // Indoors
            "Value": "_Indoor",
            "When":
            {
                "IsOutdoors": "false"
            }
        },
        {
            "Name": "WinterIndoorVariant", // Outdoors
            "Value": "_Outdoor",
            "When":
            {
                "IsOutdoors": "true"
            }
        },
        {
            "Name": "Festival",
            "Value": "EggFestival",
            "When":
            {
                "DayEvent": "egg festival",
                "LocationName": "town, temp"
            }
        },
        {
            "Name": "Festival",
            "Value": "FlowerDance",
            "When":
            {
                "DayEvent": "flower dance",
                "LocationName": "Forest, temp"
            }
        },
        {
            "Name": "Festival",
            "Value": "IceFestival",
            "When":
            {
                "DayEvent": "festival of ice",
                "LocationName": "Forest, temp"
            }
        },
        {
            "Name": "Festival",
            "Value": "Luau",
            "When":
            {
                "DayEvent": "luau",
                "LocationName": "Beach, temp"
            }
        },
        {
            "Name": "Festival",
            "Value": "MoonlightJellies",
            "When":
            {
                "DayEvent": "dance of the moonlight jellies",
                "LocationName": "Beach, temp"
            }
        },
        {
            "Name": "Festival",
            "Value": "SVFair",
            "When":
            {
                "DayEvent": "stardew valley fair",
                "LocationName": "town, temp"
            }
        },
        {
            "Name": "Festival",
            "Value": "WinterStar",
            "When":
            {
                "DayEvent": "feast of the winter star",
                "LocationName": "town, temp"
            }
        },
        {
            "Name": "Festival",
            "Value": "SpiritsEve",
            "When":
            {
                "DayEvent": "spirit's eve",
                "LocationName": "town, temp"
            }
        },

    ],

    "ConfigSchema":
    {  
        "FestivalOutfits":
        {
            "AllowValues": "True, False",
            "Default": "True"
        },
        "ExtraOutfits":
        {
            "AllowValues": "True, False",
            "Default": "True"
        
        },			
    },

    "Changes": [

        // Main

        {
            "LogName": "Portraits - Seasonal",
            "Action": "EditImage",
            "Target": "Portraits/Shane",
            "FromFile": "assets/{{Target}}/{{TargetWithoutPath}}_{{Season}}.png",
            "Update": "OnLocationChange",    		  
            "When":
            {
                "HasFile:{{FromFile}}": true,
            }
        },
        {
            "LogName": "Portraits - Indoor Variant",
            "Action": "EditImage",
            "Target": "Portraits/Shane",
            "FromFile": "assets/{{Target}}/{{TargetWithoutPath}}_{{Season}}{{IndoorVariant}}_{{Random:1, 2 |key=ShaneVariant}}.png",
            "Update": "OnLocationChange", 
			"When":
            {
                "HasFile:{{FromFile}}": true,
            }
        },
        {
            "LogName": "Portraits - Winter Indoor Variant",
            "Action": "EditImage",
            "Target": "Portraits/Shane_Winter",
            "FromFile": "assets/{{Target}}/{{TargetWithoutPath}}{{WinterIndoorVariant}}_{{Random:1, 2 |key=ShaneVariant}}.png",
            "Update": "OnLocationChange", 
			"When":
            {
                "HasFile:{{FromFile}}": true,
            }
        
        },

        // Regular Characters Sprites

        {
            "LogName": "Characters - Seasonal",
            "Action": "EditImage",
            "Target": "Characters/Shane",
            "FromFile": "assets/{{Target}}/{{TargetWithoutPath}}_{{Season}}.png",
            "Update": "OnLocationChange", 
			"When":
            {
                "HasFile:{{FromFile}}": true,
            }
        },
        {
            "LogName": "Characters - Indoor Variant",
            "Action": "EditImage",
            "Target": "Characters/Shane",
            "FromFile": "assets/{{Target}}/{{TargetWithoutPath}}_{{Season}}{{IndoorVariant}}_{{Random:1, 2 |key=ShaneVariant}}.png",
            "Update": "OnLocationChange", 
			"When":
            {
                "HasFile:{{FromFile}}": true,
            }

        },
    
        {
            "LogName": "Characters - Winter Indoor Variant",
            "Action": "EditImage",
            "Target": "Characters/Shane_Winter",
            "FromFile": "assets/{{Target}}/{{TargetWithoutPath}}{{WinterIndoorVariant}}_{{Random:1, 2 |key=ShaneVariant}}.png",
            "Update": "OnLocationChange", 
			"When":
            {
                "HasFile:{{FromFile}}": true,
            }
        
        },

        // Festivals

        {
            "LogName": "Festival Character Sprites",
            "Action": "EditImage",
            "Target": "Characters/Shane,Characters/Shane_Winter",
            "FromFile": "assets/Characters/Festivals/{{Festival}}/{{TargetWithoutPath}}_{{Festival}}.png",
            "Update": "OnLocationChange",
			"When":
            {
                "HasFile:{{FromFile}}": true,
                "FestivalOutfits": "True",
            },
        },
        {
            "LogName": "Festival Character Portrait",
            "Action": "EditImage",
            "Target": "Portraits/Shane,Portraits/Shane_Winter",
            "FromFile": "assets/Portraits/Festivals/{{Festival}}/{{TargetWithoutPath}}_{{Festival}}.png",
            "Update": "OnLocationChange",
			"When":
            {
                "HasFile:{{FromFile}}": true,
                "FestivalOutfits": "True",

            },
        },

// Work 
// Shane Joja Portrait
		{
            "LogName": "Shane - Joja Portrait",
            "Action": "EditImage",
            "Target": "Portraits/Shane_JojaMart",
            "FromFile": "assets/Portraits/Shane/Shane_JojaMart.png",
            "Update": "OnLocationChange",
			"When":
            {
                "HasFile:{{FromFile}}": true,
                "HasSeenEvent: currentPlayer |contains=191393": false,
                "LocationName": "JojaMart",
				"ExtraOutfits": "True",
            },
        },
        {
            "LogName": "Shane - Joja Characters",
            "Action": "EditImage",
            "Target": "Characters/Shane_JojaMart",
            "FromFile": "assets/Characters/Shane_JojaMart/Shane_JojaMart.png",
            "Update": "OnLocationChange",
			"When":
            {
                "HasFile:{{FromFile}}": true,
                "HasSeenEvent: currentPlayer |contains=191393": false,
                "LocationName": "JojaMart",
				"ExtraOutfits": "True",
            },
        },

		// Beach 

        {
            "LogName": "Characters - Beach native",
            "Action": "EditImage",
            "Target": "Characters/Shane_Beach",
            "FromFile": "assets/Characters/Beach/Shane_Beach.png",
            "Update": "OnLocationChange",    		  
            "When":
            {
                "HasFile:{{FromFile}}": true,
            }
        },

        {
            "LogName": "Portraits - Beach native",
            "Action": "EditImage",
            "Target": "Portraits/Shane_Beach",
            "FromFile": "assets/Portraits/Beach/Shane_Beach.png",
            "Update": "OnLocationChange",    		  
            "When":
            {
                "HasFile:{{FromFile}}": true,
            }
        },


				
    ]
}